[
    {
        "method": "fetchNearest",
        "params": {
            "type": "majorInjury",
            "id": 2415498415,
            "serverTime": 1616352000,
            "completeIn": 10
        }
    },
    {
        "method": "scan",
        "params": {
            "plot": 7,
            "id": 65318,
            "serverTime": 1616352045,
            "completeIn": 40
        }
    },
    {
        "method": "fetchNearest",
        "params": {
            "type": "minorInjury",
            "id": 984546,
            "serverTime": 1616352090,
            "completeIn": 10
        }
    },
    {
        "method": "scan",
        "params": {
            "plot": 16,
            "id": 75454152,
            "serverTime": 1616352180,
            "completeIn": 30
        }
    },
    {
        "method": "scan",
        "params": {
            "plot": 1,
            "id": 516584,
            "serverTime": 1616352275,
            "completeIn": 24
        }
    }
]
